Ticker,Avg_Yearly_Return
TRENT,2.23092613277646
BEL,1.0176005747126422
M&M,0.95976974112137
BAJAJAUTO,0.890111533056243
BHARTIARTL,0.6959904895709486
POWERGRID,0.688549235780507
BPCL,0.6747715022263889
HEROMOTOCO,0.5897665472874369
SUNPHARMA,0.5728240395987554
HCLTECH,0.5325744732380722
